{"5779570640": 1677074403.173979, "5779570640": 1677074532.639864}